{
	"credit": "by 2m3v",
	"parent": "m3vtg:cards/parent",
	"textures": {
		"0": "m3vtg:item/cards/joker",
		"particle": "m3vtg:item/cards/joker"
	},
	"elements": [
		{
			"from": [5, 4, 8],
			"to": [11, 13, 8],
			"rotation": {"angle": 0, "axis": "y", "origin": [8, 0, 8]},
			"faces": {
				"north": {"uv": [6, 0, 12, 9], "texture": "#0"},
				"east": {"uv": [0, 0, 6, 0], "texture": "#0"},
				"south": {"uv": [0, 0, 6, 9], "texture": "#0"},
				"west": {"uv": [0, 0, 6, 0], "texture": "#0"},
				"up": {"uv": [6, 0, 0, 0], "texture": "#0"},
				"down": {"uv": [5.75, 0, 0, 0], "texture": "#0"}
			}
		},
		{
			"from": [5.5, 4.8755, 8.001],
			"to": [10.5, 6.1255, 8.001],
			"rotation": {"angle": 0, "axis": "x", "origin": [8, 7.5005, 0.375]},
			"faces": {
				"north": {"uv": [16, 0, 14.5, 9], "rotation": 180, "texture": "#0"},
				"east": {"uv": [0, 0, 9, 0], "rotation": 270, "texture": "#0"},
				"south": {"uv": [5.125, 10.5, 0.125, 9.25], "texture": "#0"},
				"west": {"uv": [0, 0, 9, 0], "rotation": 90, "texture": "#0"},
				"up": {"uv": [0, 0, 6, 0], "rotation": 180, "texture": "#0"},
				"down": {"uv": [0, 0, 6, 0], "texture": "#0"}
			}
		},
		{
			"from": [5.5, 10.8755, 8.001],
			"to": [10.5, 12.1255, 8.001],
			"rotation": {"angle": 0, "axis": "x", "origin": [8, 7.5005, 0.375]},
			"faces": {
				"north": {"uv": [16, 0, 14.5, 9], "texture": "#0"},
				"east": {"uv": [0, 0, 9, 0], "rotation": 270, "texture": "#0"},
				"south": {"uv": [5.125, 10.5, 0.125, 9.25], "rotation": 180, "texture": "#0"},
				"west": {"uv": [0, 0, 9, 0], "rotation": 90, "texture": "#0"},
				"up": {"uv": [0, 0, 6, 0], "rotation": 180, "texture": "#0"},
				"down": {"uv": [0, 0, 6, 0], "texture": "#0"}
			}
		}
	]
}