{
  "credit": "by 2m3v",
  "parent": "m3vtg:cards/parent",
  "textures": {
    "0": "m3vtg:item/cards/unknow",
    "particle": "m3vtg:item/cards/unknow"
  },
  "elements": [
    {
      "from": [5, 4, 8],
      "to": [11, 13, 8],
      "rotation": {
        "angle": 0,
        "axis": "x",
        "origin": [
          8,
          0,
          8
        ]
      },
      "faces": {
        "north": {"uv": [6, 0, 12, 9], "texture": "#0"},
        "east": {"uv": [0, 0, 6, 0], "texture": "#0"},
        "south": {"uv": [0, 0, 6, 9], "texture": "#0"},
        "west": {"uv": [0, 0, 6, 0], "texture": "#0"},
        "up": {"uv": [0, 0, 6, 0], "texture": "#0"},
        "down": {"uv": [6, 0, 0, 0], "texture": "#0"}
      }
    }
  ]
}