{
  "variants": {
    "facing=east": [
	  { "model": "block/carved_pumpkin", "y": 90 },
      { "model": "block/carved_pumpkin/carved_pumpkin0", "y": 90 },
      { "model": "block/carved_pumpkin/carved_pumpkin1", "y": 90 },
      { "model": "block/carved_pumpkin/carved_pumpkin2", "y": 90 },
      { "model": "block/carved_pumpkin/carved_pumpkin3", "y": 90 },
      { "model": "block/carved_pumpkin/carved_pumpkin4", "y": 90 },
      { "model": "block/carved_pumpkin/carved_pumpkin5", "y": 90 },
      { "model": "block/carved_pumpkin/carved_pumpkin6", "y": 90 },
      { "model": "block/carved_pumpkin/carved_pumpkin7", "y": 90 },
	  { "model": "block/carved_pumpkin/carved_pumpkin8", "y": 90 },
	  { "model": "block/carved_pumpkin/carved_pumpkin9", "y": 90 }
    ],

    "facing=north": [
	  { "model": "block/carved_pumpkin" },
      { "model": "block/carved_pumpkin/carved_pumpkin0" },
      { "model": "block/carved_pumpkin/carved_pumpkin1" },
      { "model": "block/carved_pumpkin/carved_pumpkin2" },
      { "model": "block/carved_pumpkin/carved_pumpkin3" },
      { "model": "block/carved_pumpkin/carved_pumpkin4" },
      { "model": "block/carved_pumpkin/carved_pumpkin5" },
      { "model": "block/carved_pumpkin/carved_pumpkin6" },
      { "model": "block/carved_pumpkin/carved_pumpkin7" },
	  { "model": "block/carved_pumpkin/carved_pumpkin8" },
	  { "model": "block/carved_pumpkin/carved_pumpkin9" }
    ],

    "facing=south": [
	  { "model": "block/carved_pumpkin", "y": 180 },
      { "model": "block/carved_pumpkin/carved_pumpkin0", "y": 180 },
      { "model": "block/carved_pumpkin/carved_pumpkin1", "y": 180 },
      { "model": "block/carved_pumpkin/carved_pumpkin2", "y": 180 },
      { "model": "block/carved_pumpkin/carved_pumpkin3", "y": 180 },
      { "model": "block/carved_pumpkin/carved_pumpkin4", "y": 180 },
      { "model": "block/carved_pumpkin/carved_pumpkin5", "y": 180 },
      { "model": "block/carved_pumpkin/carved_pumpkin6", "y": 180 },
      { "model": "block/carved_pumpkin/carved_pumpkin7", "y": 180 },
	  { "model": "block/carved_pumpkin/carved_pumpkin8", "y": 180 },
	  { "model": "block/carved_pumpkin/carved_pumpkin9", "y": 180 }
    ],

    "facing=west": [
	  { "model": "block/carved_pumpkin", "y": 270 },
      { "model": "block/carved_pumpkin/carved_pumpkin0", "y": 270 },
      { "model": "block/carved_pumpkin/carved_pumpkin1", "y": 270 },
      { "model": "block/carved_pumpkin/carved_pumpkin2", "y": 270 },
      { "model": "block/carved_pumpkin/carved_pumpkin3", "y": 270 },
      { "model": "block/carved_pumpkin/carved_pumpkin4", "y": 270 },
      { "model": "block/carved_pumpkin/carved_pumpkin5", "y": 270 },
      { "model": "block/carved_pumpkin/carved_pumpkin6", "y": 270 },
      { "model": "block/carved_pumpkin/carved_pumpkin7", "y": 270 },
	  { "model": "block/carved_pumpkin/carved_pumpkin8", "y": 270 },
	  { "model": "block/carved_pumpkin/carved_pumpkin9", "y": 270 }
    ]

  }
}