{
  "model": {
    "type": "minecraft:range_dispatch",
    "property": "minecraft:custom_model_data",
    "index": 0,
    "fallback": {
      "type": "minecraft:model",
      "model": "minecraft:item/warped_fungus_on_a_stick"
    },
    "entries": [
      {"model": {"type": "minecraft:model","model": "m3vtg:empty"},"threshold": 29999},
      {"model": {"type": "minecraft:model","model": "m3vtg:cards/hearts/2"},"threshold": 33000},
      {"model": {"type": "minecraft:model","model": "m3vtg:cards/hearts/3"},"threshold": 33001},
      {"model": {"type": "minecraft:model","model": "m3vtg:cards/hearts/4"},"threshold": 33002},
      {"model": {"type": "minecraft:model","model": "m3vtg:cards/hearts/5"},"threshold": 33003},
      {"model": {"type": "minecraft:model","model": "m3vtg:cards/hearts/6"},"threshold": 33004},
      {"model": {"type": "minecraft:model","model": "m3vtg:cards/hearts/7"},"threshold": 33005},
      {"model": {"type": "minecraft:model","model": "m3vtg:cards/hearts/8"},"threshold": 33006},
      {"model": {"type": "minecraft:model","model": "m3vtg:cards/hearts/9"},"threshold": 33007},
      {"model": {"type": "minecraft:model","model": "m3vtg:cards/hearts/10"},"threshold": 33008},
      {"model": {"type": "minecraft:model","model": "m3vtg:cards/hearts/j"},"threshold": 33009},
      {"model": {"type": "minecraft:model","model": "m3vtg:cards/hearts/q"},"threshold": 33010},
      {"model": {"type": "minecraft:model","model": "m3vtg:cards/hearts/k"},"threshold": 33011},
      {"model": {"type": "minecraft:model","model": "m3vtg:cards/hearts/a"},"threshold": 33012},

      {"model": {"type": "minecraft:model","model": "m3vtg:cards/black_hearts/2"},"threshold": 33020},
      {"model": {"type": "minecraft:model","model": "m3vtg:cards/black_hearts/3"},"threshold": 33021},
      {"model": {"type": "minecraft:model","model": "m3vtg:cards/black_hearts/4"},"threshold": 33022},
      {"model": {"type": "minecraft:model","model": "m3vtg:cards/black_hearts/5"},"threshold": 33023},
      {"model": {"type": "minecraft:model","model": "m3vtg:cards/black_hearts/6"},"threshold": 33024},
      {"model": {"type": "minecraft:model","model": "m3vtg:cards/black_hearts/7"},"threshold": 33025},
      {"model": {"type": "minecraft:model","model": "m3vtg:cards/black_hearts/8"},"threshold": 33026},
      {"model": {"type": "minecraft:model","model": "m3vtg:cards/black_hearts/9"},"threshold": 33027},
      {"model": {"type": "minecraft:model","model": "m3vtg:cards/black_hearts/10"},"threshold": 33028},
      {"model": {"type": "minecraft:model","model": "m3vtg:cards/black_hearts/j"},"threshold": 33029},
      {"model": {"type": "minecraft:model","model": "m3vtg:cards/black_hearts/q"},"threshold": 33030},
      {"model": {"type": "minecraft:model","model": "m3vtg:cards/black_hearts/k"},"threshold": 33031},
      {"model": {"type": "minecraft:model","model": "m3vtg:cards/black_hearts/a"},"threshold": 33032},

      {"model": {"type": "minecraft:model","model": "m3vtg:cards/cross/2"},"threshold": 33040},
      {"model": {"type": "minecraft:model","model": "m3vtg:cards/cross/3"},"threshold": 33041},
      {"model": {"type": "minecraft:model","model": "m3vtg:cards/cross/4"},"threshold": 33042},
      {"model": {"type": "minecraft:model","model": "m3vtg:cards/cross/5"},"threshold": 33043},
      {"model": {"type": "minecraft:model","model": "m3vtg:cards/cross/6"},"threshold": 33044},
      {"model": {"type": "minecraft:model","model": "m3vtg:cards/cross/7"},"threshold": 33045},
      {"model": {"type": "minecraft:model","model": "m3vtg:cards/cross/8"},"threshold": 33046},
      {"model": {"type": "minecraft:model","model": "m3vtg:cards/cross/9"},"threshold": 33047},
      {"model": {"type": "minecraft:model","model": "m3vtg:cards/cross/10"},"threshold": 33048},
      {"model": {"type": "minecraft:model","model": "m3vtg:cards/cross/j"},"threshold": 33049},
      {"model": {"type": "minecraft:model","model": "m3vtg:cards/cross/q"},"threshold": 33050},
      {"model": {"type": "minecraft:model","model": "m3vtg:cards/cross/k"},"threshold": 33051},
      {"model": {"type": "minecraft:model","model": "m3vtg:cards/cross/a"},"threshold": 33052},

      {"model": {"type": "minecraft:model","model": "m3vtg:cards/bub/2"},"threshold": 33060},
      {"model": {"type": "minecraft:model","model": "m3vtg:cards/bub/3"},"threshold": 33061},
      {"model": {"type": "minecraft:model","model": "m3vtg:cards/bub/4"},"threshold": 33062},
      {"model": {"type": "minecraft:model","model": "m3vtg:cards/bub/5"},"threshold": 33063},
      {"model": {"type": "minecraft:model","model": "m3vtg:cards/bub/6"},"threshold": 33064},
      {"model": {"type": "minecraft:model","model": "m3vtg:cards/bub/7"},"threshold": 33065},
      {"model": {"type": "minecraft:model","model": "m3vtg:cards/bub/8"},"threshold": 33066},
      {"model": {"type": "minecraft:model","model": "m3vtg:cards/bub/9"},"threshold": 33067},
      {"model": {"type": "minecraft:model","model": "m3vtg:cards/bub/10"},"threshold": 33068},
      {"model": {"type": "minecraft:model","model": "m3vtg:cards/bub/j"},"threshold": 33069},
      {"model": {"type": "minecraft:model","model": "m3vtg:cards/bub/q"},"threshold": 33070},
      {"model": {"type": "minecraft:model","model": "m3vtg:cards/bub/k"},"threshold": 33071},
      {"model": {"type": "minecraft:model","model": "m3vtg:cards/bub/a"},"threshold": 33072},

      {"model": {"type": "minecraft:model","model": "m3vtg:cards/joker"},"threshold": 33075},
      {"model": {"type": "minecraft:model","model": "m3vtg:cards/unknow"},"threshold": 33080},

      {"model": {"type": "minecraft:model","model": "m3vtg:bundles/cards"},"threshold": 33100},
      {"model": {"type": "minecraft:model","model": "m3vtg:bundles/domino"},"threshold": 33101},
      {"model": {"type": "minecraft:model","model": "m3vtg:bundles/chess"},"threshold": 33102},
      {"model": {"type": "minecraft:model","model": "m3vtg:bundles/checkers"},"threshold": 33103},

      {"model": {"type": "minecraft:model","model": "m3vtg:poker/bundles/any"},"threshold": 33110},
      {"model": {"type": "minecraft:model","model": "m3vtg:poker/bundles/white"},"threshold": 33111},
      {"model": {"type": "minecraft:model","model": "m3vtg:poker/bundles/green"},"threshold": 33112},
      {"model": {"type": "minecraft:model","model": "m3vtg:poker/bundles/yellow"},"threshold": 33113},
      {"model": {"type": "minecraft:model","model": "m3vtg:poker/bundles/red"},"threshold": 33114},
      {"model": {"type": "minecraft:model","model": "m3vtg:poker/bundles/blue"},"threshold": 33115},
      {"model": {"type": "minecraft:model","model": "m3vtg:poker/bundles/magenta"},"threshold": 33116},
      {"model": {"type": "minecraft:model","model": "m3vtg:poker/bundles/black"},"threshold": 33117},
      {"model": {"type": "minecraft:model","model": "m3vtg:poker/bundles/orange"},"threshold": 33118},

      {"model": {"type": "minecraft:model","model": "m3vtg:checkers/white"},"threshold": 33201},
      {"model": {"type": "minecraft:model","model": "m3vtg:checkers/black"},"threshold": 33202},
      {"model": {"type": "minecraft:model","model": "m3vtg:checkers/white_k"},"threshold": 33203},
      {"model": {"type": "minecraft:model","model": "m3vtg:checkers/black_k"},"threshold": 33204},

      {"model": {"type": "minecraft:model","model": "m3vtg:chess/pawn_w"},"threshold": 33211},
      {"model": {"type": "minecraft:model","model": "m3vtg:chess/pawn_b"},"threshold": 33212},
      {"model": {"type": "minecraft:model","model": "m3vtg:chess/rook_w"},"threshold": 33213},
      {"model": {"type": "minecraft:model","model": "m3vtg:chess/rook_b"},"threshold": 33214},
      {"model": {"type": "minecraft:model","model": "m3vtg:chess/knight_w"},"threshold": 33215},
      {"model": {"type": "minecraft:model","model": "m3vtg:chess/knight_b"},"threshold": 33216},
      {"model": {"type": "minecraft:model","model": "m3vtg:chess/bishop_w"},"threshold": 33217},
      {"model": {"type": "minecraft:model","model": "m3vtg:chess/bishop_b"},"threshold": 33218},
      {"model": {"type": "minecraft:model","model": "m3vtg:chess/king_w"},"threshold": 33219},
      {"model": {"type": "minecraft:model","model": "m3vtg:chess/king_b"},"threshold": 33220},
      {"model": {"type": "minecraft:model","model": "m3vtg:chess/queen_w"},"threshold": 33221},
      {"model": {"type": "minecraft:model","model": "m3vtg:chess/queen_b"},"threshold": 33222},

      {"model": {"type": "minecraft:model","model": "m3vtg:board"},"threshold": 33230},

      {"model": {"type": "minecraft:model","model": "m3vtg:domino/00"},"threshold": 33300},
      {"model": {"type": "minecraft:model","model": "m3vtg:domino/10"},"threshold": 33301},
      {"model": {"type": "minecraft:model","model": "m3vtg:domino/20"},"threshold": 33302},
      {"model": {"type": "minecraft:model","model": "m3vtg:domino/30"},"threshold": 33303},
      {"model": {"type": "minecraft:model","model": "m3vtg:domino/40"},"threshold": 33304},
      {"model": {"type": "minecraft:model","model": "m3vtg:domino/50"},"threshold": 33305},
      {"model": {"type": "minecraft:model","model": "m3vtg:domino/60"},"threshold": 33306},
      {"model": {"type": "minecraft:model","model": "m3vtg:domino/11"},"threshold": 33307},
      {"model": {"type": "minecraft:model","model": "m3vtg:domino/12"},"threshold": 33308},
      {"model": {"type": "minecraft:model","model": "m3vtg:domino/13"},"threshold": 33309},
      {"model": {"type": "minecraft:model","model": "m3vtg:domino/14"},"threshold": 33310},
      {"model": {"type": "minecraft:model","model": "m3vtg:domino/15"},"threshold": 33311},
      {"model": {"type": "minecraft:model","model": "m3vtg:domino/16"},"threshold": 33312},
      {"model": {"type": "minecraft:model","model": "m3vtg:domino/22"},"threshold": 33313},
      {"model": {"type": "minecraft:model","model": "m3vtg:domino/23"},"threshold": 33314},
      {"model": {"type": "minecraft:model","model": "m3vtg:domino/24"},"threshold": 33315},
      {"model": {"type": "minecraft:model","model": "m3vtg:domino/25"},"threshold": 33316},
      {"model": {"type": "minecraft:model","model": "m3vtg:domino/26"},"threshold": 33317},
      {"model": {"type": "minecraft:model","model": "m3vtg:domino/33"},"threshold": 33318},
      {"model": {"type": "minecraft:model","model": "m3vtg:domino/34"},"threshold": 33319},
      {"model": {"type": "minecraft:model","model": "m3vtg:domino/35"},"threshold": 33320},
      {"model": {"type": "minecraft:model","model": "m3vtg:domino/36"},"threshold": 33321},
      {"model": {"type": "minecraft:model","model": "m3vtg:domino/44"},"threshold": 33322},
      {"model": {"type": "minecraft:model","model": "m3vtg:domino/45"},"threshold": 33323},
      {"model": {"type": "minecraft:model","model": "m3vtg:domino/46"},"threshold": 33324},
      {"model": {"type": "minecraft:model","model": "m3vtg:domino/55"},"threshold": 33325},
      {"model": {"type": "minecraft:model","model": "m3vtg:domino/56"},"threshold": 33326},
      {"model": {"type": "minecraft:model","model": "m3vtg:domino/66"},"threshold": 33327},

      {"model": {"type": "minecraft:model","model": "m3vtg:cube/1"},"threshold": 33400},
      {"model": {"type": "minecraft:model","model": "m3vtg:cube/2"},"threshold": 33401},
      {"model": {"type": "minecraft:model","model": "m3vtg:cube/3"},"threshold": 33402},
      {"model": {"type": "minecraft:model","model": "m3vtg:cube/4"},"threshold": 33403},
      {"model": {"type": "minecraft:model","model": "m3vtg:cube/5"},"threshold": 33404},
      {"model": {"type": "minecraft:model","model": "m3vtg:cube/6"},"threshold": 33405},

      {"model": {"type": "minecraft:model","model": "m3vtg:poker/white"},"threshold": 33770},
      {"model": {"type": "minecraft:model","model": "m3vtg:poker/green"},"threshold": 33771},
      {"model": {"type": "minecraft:model","model": "m3vtg:poker/yellow"},"threshold": 33772},
      {"model": {"type": "minecraft:model","model": "m3vtg:poker/red"},"threshold": 33773},
      {"model": {"type": "minecraft:model","model": "m3vtg:poker/blue"},"threshold": 33774},
      {"model": {"type": "minecraft:model","model": "m3vtg:poker/magenta"},"threshold": 33775},
      {"model": {"type": "minecraft:model","model": "m3vtg:poker/black"},"threshold": 33776},
      {"model": {"type": "minecraft:model","model": "m3vtg:poker/orange"},"threshold": 33777}
   ]
  }
}